{"cameraMode":{"drawMode":0,"name":"Shaded","section":"Shading Mode"},"sceneLighting":true,"audioPlay":false,"sceneViewState":{"showFog":true,"showMaterialUpdate":false,"showSkybox":true,"showFlares":true,"showImageEffects":true,"showParticleSystems":true},"in2DMode":false,"pivot":{"x":-1.170274019241333,"y":5.001844882965088,"z":-131.86001586914063},"rotation":{"x":-0.1027512326836586,"y":0.8405390977859497,"z":-0.1715320646762848,"w":-0.5035004019737244},"size":41.07497024536133,"orthographic":false}